{
    "columns": [
        100,
        101,
        102,
        105
    ],
    "params": {
        "activation": "tanh",
        "alpha": 0.007082715436049561,
        "hidden_layer_sizes": 98,
        "learning_rate_init": 0.0221443719469483,
        "solver": "sgd"
    },
    "n_splits": 10,
    "random_state": 145,
    "scoring": "recall",
    "cv_scores": [
        0.652,
        0.6709401709401709,
        0.592741935483871,
        0.6538461538461539,
        0.5826771653543307,
        0.6463414634146342,
        0.6666666666666666,
        0.6932270916334662,
        0.6867924528301886,
        0.6735537190082644
    ],
    "mean_cv_score": 0.6518786819177748
}