{
    "columns": [
        8,
        100,
        102,
        103,
        105
    ],
    "params": {
        "activation": "tanh",
        "alpha": 0.007082715436049561,
        "hidden_layer_sizes": 98,
        "learning_rate_init": 0.0221443719469483,
        "solver": "sgd"
    },
    "n_splits": 10,
    "random_state": 145,
    "scoring": "recall",
    "cv_scores": [
        0.7,
        0.6623931623931624,
        0.6895161290322581,
        0.6961538461538461,
        0.6220472440944882,
        0.6300813008130082,
        0.5894308943089431,
        0.7171314741035857,
        0.6490566037735849,
        0.6776859504132231
    ],
    "mean_cv_score": 0.66334966050861
}