{
    "columns": [
        101,
        102,
        105
    ],
    "params": {
        "activation": "tanh",
        "alpha": 0.007082715436049561,
        "hidden_layer_sizes": 98,
        "learning_rate_init": 0.0221443719469483,
        "solver": "sgd"
    },
    "n_splits": 10,
    "random_state": 145,
    "scoring": "recall",
    "cv_scores": [
        0.624,
        0.6239316239316239,
        0.5,
        0.6153846153846154,
        0.5748031496062992,
        0.5691056910569106,
        0.6056910569105691,
        0.5378486055776892,
        0.6,
        0.6322314049586777
    ],
    "mean_cv_score": 0.5882996147426385
}