{
    "columns": [
        100,
        102,
        103
    ],
    "params": {
        "activation": "tanh",
        "alpha": 0.007082715436049561,
        "hidden_layer_sizes": 98,
        "learning_rate_init": 0.0221443719469483,
        "solver": "sgd"
    },
    "n_splits": 10,
    "random_state": 145,
    "scoring": "recall",
    "cv_scores": [
        0.616,
        0.6153846153846154,
        0.6290322580645161,
        0.5961538461538461,
        0.5748031496062992,
        0.5894308943089431,
        0.556910569105691,
        0.5856573705179283,
        0.6,
        0.628099173553719
    ],
    "mean_cv_score": 0.5991471876695559
}