{
    "columns": [
        100,
        101,
        102,
        103,
        105
    ],
    "params": {
        "activation": "tanh",
        "alpha": 0.007082715436049561,
        "hidden_layer_sizes": 98,
        "learning_rate_init": 0.0221443719469483,
        "solver": "sgd"
    },
    "n_splits": 10,
    "random_state": 145,
    "scoring": "recall",
    "cv_scores": [
        0.684,
        0.6837606837606838,
        0.657258064516129,
        0.7076923076923077,
        0.6456692913385826,
        0.6829268292682927,
        0.6626016260162602,
        0.6812749003984063,
        0.6943396226415094,
        0.743801652892562
    ],
    "mean_cv_score": 0.6843324978524733
}