{
    "columns": [
        100,
        101,
        102,
        103
    ],
    "params": {},
    "n_splits": 10,
    "random_state": 145,
    "scoring": "recall",
    "cv_scores": [
        0.552,
        0.6025641025641025,
        0.6129032258064516,
        0.5961538461538461,
        0.5590551181102362,
        0.6178861788617886,
        0.556910569105691,
        0.5776892430278885,
        0.5773584905660377,
        0.6446280991735537
    ],
    "mean_cv_score": 0.5897148873369596
}