{
    "columns": [
        100,
        101,
        102,
        105
    ],
    "params": {},
    "n_splits": 10,
    "random_state": 145,
    "scoring": "recall",
    "cv_scores": [
        0.572,
        0.6068376068376068,
        0.5766129032258065,
        0.6,
        0.5748031496062992,
        0.556910569105691,
        0.5975609756097561,
        0.6135458167330677,
        0.5735849056603773,
        0.6446280991735537
    ],
    "mean_cv_score": 0.5916484025952158
}