{
    "columns": [
        100,
        102,
        103
    ],
    "params": {},
    "n_splits": 10,
    "random_state": 145,
    "scoring": "recall",
    "cv_scores": [
        0.508,
        0.5769230769230769,
        0.5725806451612904,
        0.5461538461538461,
        0.515748031496063,
        0.5691056910569106,
        0.4959349593495935,
        0.5976095617529881,
        0.5320754716981132,
        0.6033057851239669
    ],
    "mean_cv_score": 0.5517437068715848
}