{
    "columns": [
        100,
        101,
        102,
        103,
        105
    ],
    "params": {},
    "n_splits": 10,
    "random_state": 145,
    "scoring": "recall",
    "cv_scores": [
        0.588,
        0.6410256410256411,
        0.625,
        0.65,
        0.5984251968503937,
        0.6300813008130082,
        0.6056910569105691,
        0.6294820717131474,
        0.6113207547169811,
        0.6735537190082644
    ],
    "mean_cv_score": 0.6252579741038005
}