{
    "columns": [
        102,
        103,
        105
    ],
    "params": {},
    "n_splits": 10,
    "random_state": 145,
    "scoring": "recall",
    "cv_scores": [
        0.56,
        0.5512820512820513,
        0.5282258064516129,
        0.5423076923076923,
        0.5275590551181102,
        0.5447154471544715,
        0.5040650406504065,
        0.5298804780876494,
        0.5056603773584906,
        0.5743801652892562
    ],
    "mean_cv_score": 0.5368076113699741
}