{
    "columns": [
        100,
        101,
        102,
        105
    ],
    "params": {
        "n_estimators": 59,
        "max_depth": 20,
        "min_samples_split": 10
    },
    "n_splits": 10,
    "random_state": 145,
    "scoring": "recall",
    "cv_scores": [
        0.64,
        0.6153846153846154,
        0.6048387096774194,
        0.6461538461538462,
        0.6299212598425197,
        0.6219512195121951,
        0.6260162601626016,
        0.6414342629482072,
        0.6037735849056604,
        0.6570247933884298
    ],
    "mean_cv_score": 0.6286498551975493
}