{
    "columns": [
        8,
        100,
        101,
        102,
        103,
        105
    ],
    "params": {
        "n_estimators": 59,
        "max_depth": 20,
        "min_samples_split": 10
    },
    "n_splits": 10,
    "random_state": 145,
    "scoring": "recall",
    "cv_scores": [
        0.676,
        0.7008547008547008,
        0.6774193548387096,
        0.6923076923076923,
        0.65748031496063,
        0.6951219512195121,
        0.6666666666666666,
        0.6812749003984063,
        0.7018867924528301,
        0.6818181818181818
    ],
    "mean_cv_score": 0.683083055551733
}