{
    "columns": [
        100,
        101,
        102,
        103,
        105
    ],
    "params": {
        "n_estimators": 59,
        "max_depth": 20,
        "min_samples_split": 10
    },
    "n_splits": 10,
    "random_state": 145,
    "scoring": "recall",
    "cv_scores": [
        0.656,
        0.6752136752136753,
        0.6653225806451613,
        0.7192307692307692,
        0.6653543307086615,
        0.6991869918699187,
        0.6747967479674797,
        0.6733067729083665,
        0.6830188679245283,
        0.7272727272727273
    ],
    "mean_cv_score": 0.6838703463741288
}