{
    "columns": [
        8,
        100,
        101,
        102,
        103
    ],
    "params": {
        "n_estimators": 59,
        "max_depth": 20,
        "min_samples_split": 10
    },
    "n_splits": 10,
    "random_state": 145,
    "scoring": "recall",
    "cv_scores": [
        0.592,
        0.6495726495726496,
        0.6653225806451613,
        0.6538461538461539,
        0.6062992125984252,
        0.6707317073170732,
        0.5934959349593496,
        0.6135458167330677,
        0.6339622641509434,
        0.6818181818181818
    ],
    "mean_cv_score": 0.6360594501641005
}