{
    "columns": [
        100,
        102,
        103,
        105
    ],
    "params": {
        "n_estimators": 59,
        "max_depth": 20,
        "min_samples_split": 10
    },
    "n_splits": 10,
    "random_state": 145,
    "scoring": "recall",
    "cv_scores": [
        0.64,
        0.6324786324786325,
        0.625,
        0.6730769230769231,
        0.610236220472441,
        0.6097560975609756,
        0.5975609756097561,
        0.6374501992031872,
        0.6037735849056604,
        0.6446280991735537
    ],
    "mean_cv_score": 0.627396073248113
}