{
    "columns": [
        101,
        102,
        103,
        105
    ],
    "params": {
        "n_estimators": 59,
        "max_depth": 20,
        "min_samples_split": 10
    },
    "n_splits": 10,
    "random_state": 145,
    "scoring": "recall",
    "cv_scores": [
        0.628,
        0.6196581196581197,
        0.6088709677419355,
        0.6807692307692308,
        0.6181102362204725,
        0.6178861788617886,
        0.6260162601626016,
        0.5936254980079682,
        0.6415094339622641,
        0.6652892561983471
    ],
    "mean_cv_score": 0.629973518158273
}