{
    "columns": [
        101,
        102,
        103,
        105
    ],
    "params": {
        "learning_rate": 0.005169944690299296,
        "max_depth": 40,
        "n_estimators": 100,
        "subsample": 0.1
    },
    "n_splits": 10,
    "random_state": 145,
    "scoring": "recall",
    "cv_scores": [
        0.684,
        0.6495726495726496,
        0.6411290322580645,
        0.6961538461538461,
        0.6614173228346457,
        0.6626016260162602,
        0.6626016260162602,
        0.6414342629482072,
        0.6415094339622641,
        0.7066115702479339
    ],
    "mean_cv_score": 0.6647031370010132
}