{
    "columns": [
        100,
        101,
        102,
        105
    ],
    "params": {
        "learning_rate": 0.005169944690299296,
        "max_depth": 40,
        "n_estimators": 100,
        "subsample": 0.1
    },
    "n_splits": 10,
    "random_state": 145,
    "scoring": "recall",
    "cv_scores": [
        0.668,
        0.688034188034188,
        0.6330645161290323,
        0.6846153846153846,
        0.6614173228346457,
        0.6951219512195121,
        0.6666666666666666,
        0.7171314741035857,
        0.6377358490566037,
        0.731404958677686
    ],
    "mean_cv_score": 0.6783192311337305
}