{
    "columns": [
        101,
        103,
        105
    ],
    "params": {
        "learning_rate": 0.005169944690299296,
        "max_depth": 40,
        "n_estimators": 100,
        "subsample": 0.1
    },
    "n_splits": 10,
    "random_state": 145,
    "scoring": "recall",
    "cv_scores": [
        0.632,
        0.6111111111111112,
        0.5241935483870968,
        0.6307692307692307,
        0.594488188976378,
        0.5934959349593496,
        0.6056910569105691,
        0.5816733067729084,
        0.6075471698113207,
        0.6446280991735537
    ],
    "mean_cv_score": 0.6025597646871519
}