{
    "columns": [
        100,
        101,
        102,
        103,
        105
    ],
    "params": {
        "learning_rate": 0.005169944690299296,
        "max_depth": 40,
        "n_estimators": 100,
        "subsample": 0.1
    },
    "n_splits": 10,
    "random_state": 145,
    "scoring": "recall",
    "cv_scores": [
        0.712,
        0.7393162393162394,
        0.6975806451612904,
        0.7346153846153847,
        0.7125984251968503,
        0.7520325203252033,
        0.7235772357723578,
        0.7330677290836654,
        0.6867924528301886,
        0.7644628099173554
    ],
    "mean_cv_score": 0.7256043442218536
}