{
    "columns": [
        100,
        102,
        103,
        105
    ],
    "params": {
        "learning_rate": 0.005169944690299296,
        "max_depth": 40,
        "n_estimators": 100,
        "subsample": 0.1
    },
    "n_splits": 10,
    "random_state": 145,
    "scoring": "recall",
    "cv_scores": [
        0.684,
        0.7094017094017094,
        0.6774193548387096,
        0.6923076923076923,
        0.6692913385826772,
        0.6788617886178862,
        0.6300813008130082,
        0.701195219123506,
        0.6490566037735849,
        0.7231404958677686
    ],
    "mean_cv_score": 0.6814755503326542
}