{
    "columns": [
        8,
        100,
        101,
        102,
        103
    ],
    "params": {
        "learning_rate": 0.005169944690299296,
        "max_depth": 40,
        "n_estimators": 100,
        "subsample": 0.1
    },
    "n_splits": 10,
    "random_state": 145,
    "scoring": "recall",
    "cv_scores": [
        0.624,
        0.7008547008547008,
        0.6774193548387096,
        0.6807692307692308,
        0.65748031496063,
        0.7317073170731707,
        0.6422764227642277,
        0.6733067729083665,
        0.6452830188679245,
        0.7355371900826446
    ],
    "mean_cv_score": 0.6768634323119604
}