{
    "columns": [
        100,
        101,
        103,
        105
    ],
    "params": {
        "learning_rate": 0.005169944690299296,
        "max_depth": 40,
        "n_estimators": 100,
        "subsample": 0.1
    },
    "n_splits": 10,
    "random_state": 145,
    "scoring": "recall",
    "cv_scores": [
        0.672,
        0.688034188034188,
        0.6169354838709677,
        0.6923076923076923,
        0.6377952755905512,
        0.7032520325203252,
        0.7032520325203252,
        0.6772908366533864,
        0.6716981132075471,
        0.71900826446281
    ],
    "mean_cv_score": 0.6781573919167793
}