{
    "columns": [
        8,
        100,
        101,
        102,
        103,
        105
    ],
    "params": {
        "learning_rate": 0.005169944690299296,
        "max_depth": 40,
        "n_estimators": 100,
        "subsample": 0.1
    },
    "n_splits": 10,
    "random_state": 145,
    "scoring": "recall",
    "cv_scores": [
        0.704,
        0.7264957264957265,
        0.6693548387096774,
        0.7076923076923077,
        0.6929133858267716,
        0.7520325203252033,
        0.6747967479674797,
        0.7370517928286853,
        0.6943396226415094,
        0.7603305785123967
    ],
    "mean_cv_score": 0.7119007520999757
}