{
    "columns": [
        101,
        102,
        103,
        105
    ],
    "params": {
        "learning_rate": 0.9149030789798307,
        "max_depth": 17,
        "n_estimators": 80,
        "subsample": 0.5
    },
    "n_splits": 10,
    "random_state": 145,
    "scoring": "recall",
    "cv_scores": [
        0.636,
        0.6153846153846154,
        0.625,
        0.6346153846153846,
        0.6181102362204725,
        0.6260162601626016,
        0.6260162601626016,
        0.5976095617529881,
        0.6339622641509434,
        0.640495867768595
    ],
    "mean_cv_score": 0.6253210450218203
}