{
    "columns": [
        101,
        103,
        105
    ],
    "params": {
        "learning_rate": 0.9149030789798307,
        "max_depth": 17,
        "n_estimators": 80,
        "subsample": 0.5
    },
    "n_splits": 10,
    "random_state": 145,
    "scoring": "recall",
    "cv_scores": [
        0.616,
        0.5897435897435898,
        0.5040322580645161,
        0.5884615384615385,
        0.5393700787401575,
        0.573170731707317,
        0.6056910569105691,
        0.5816733067729084,
        0.5849056603773585,
        0.5785123966942148
    ],
    "mean_cv_score": 0.576156061747217
}