{
    "columns": [
        8,
        100,
        101,
        102,
        103,
        105
    ],
    "params": {
        "learning_rate": 0.9149030789798307,
        "max_depth": 17,
        "n_estimators": 80,
        "subsample": 0.5
    },
    "n_splits": 10,
    "random_state": 145,
    "scoring": "recall",
    "cv_scores": [
        0.696,
        0.7008547008547008,
        0.657258064516129,
        0.7,
        0.6496062992125984,
        0.6910569105691057,
        0.6422764227642277,
        0.6693227091633466,
        0.6867924528301886,
        0.6983471074380165
    ],
    "mean_cv_score": 0.6791514667348315
}