{
    "columns": [
        8,
        100,
        101,
        102,
        103
    ],
    "params": {
        "learning_rate": 0.9149030789798307,
        "max_depth": 17,
        "n_estimators": 80,
        "subsample": 0.5
    },
    "n_splits": 10,
    "random_state": 145,
    "scoring": "recall",
    "cv_scores": [
        0.604,
        0.6452991452991453,
        0.6491935483870968,
        0.6615384615384615,
        0.610236220472441,
        0.6829268292682927,
        0.5813008130081301,
        0.5936254980079682,
        0.6150943396226415,
        0.6694214876033058
    ],
    "mean_cv_score": 0.6312636343207483
}