{
    "columns": [
        100,
        102,
        103,
        105
    ],
    "params": {
        "learning_rate": 0.9149030789798307,
        "max_depth": 17,
        "n_estimators": 80,
        "subsample": 0.5
    },
    "n_splits": 10,
    "random_state": 145,
    "scoring": "recall",
    "cv_scores": [
        0.644,
        0.6367521367521367,
        0.6370967741935484,
        0.6538461538461539,
        0.6377952755905512,
        0.6260162601626016,
        0.5975609756097561,
        0.6254980079681275,
        0.6188679245283019,
        0.6611570247933884
    ],
    "mean_cv_score": 0.6338590533444567
}