{
    "columns": [
        100,
        101,
        102,
        103,
        105
    ],
    "params": {
        "learning_rate": 0.9149030789798307,
        "max_depth": 17,
        "n_estimators": 80,
        "subsample": 0.5
    },
    "n_splits": 10,
    "random_state": 145,
    "scoring": "recall",
    "cv_scores": [
        0.664,
        0.6794871794871795,
        0.6612903225806451,
        0.7,
        0.6771653543307087,
        0.6666666666666666,
        0.6544715447154471,
        0.6653386454183267,
        0.6943396226415094,
        0.7107438016528925
    ],
    "mean_cv_score": 0.6773503137493375
}