{
    "columns": [
        100,
        101,
        102,
        105
    ],
    "params": {
        "learning_rate": 0.9149030789798307,
        "max_depth": 17,
        "n_estimators": 80,
        "subsample": 0.5
    },
    "n_splits": 10,
    "random_state": 145,
    "scoring": "recall",
    "cv_scores": [
        0.616,
        0.6367521367521367,
        0.6008064516129032,
        0.6307692307692307,
        0.6338582677165354,
        0.6097560975609756,
        0.6097560975609756,
        0.6135458167330677,
        0.630188679245283,
        0.6735537190082644
    ],
    "mean_cv_score": 0.6254986496959372
}