{
    "columns": [
        101,
        102,
        103
    ],
    "params": {
        "penalty": "l2",
        "C": 1.0,
        "solver": "lbfgs"
    },
    "n_splits": 10,
    "random_state": 145,
    "scoring": "recall",
    "cv_scores": [
        0.492,
        0.5769230769230769,
        0.4637096774193548,
        0.41923076923076924,
        0.4566929133858268,
        0.46747967479674796,
        0.4878048780487805,
        0.46613545816733065,
        0.3471698113207547,
        0.5206611570247934
    ],
    "mean_cv_score": 0.4697807416317435,
    "money": 5145.0
}