{
    "columns": [
        102,
        103,
        105
    ],
    "params": {
        "penalty": "l2",
        "C": 1.0,
        "solver": "lbfgs"
    },
    "n_splits": 10,
    "random_state": 145,
    "scoring": "recall",
    "cv_scores": [
        0.544,
        0.5341880341880342,
        0.5161290322580645,
        0.43846153846153846,
        0.4645669291338583,
        0.5,
        0.516260162601626,
        0.49800796812749004,
        0.3433962264150943,
        0.48760330578512395
    ],
    "mean_cv_score": 0.48426131969708297,
    "money": 5375.0
}