{
    "RandomForest": {
        "best_score": 0.6733232895896171,
        "best_params": {
            "max_depth": 100,
            "min_samples_split": 100,
            "n_estimators": 200
        },
        "recall": 0.7183493589743589,
        "accuracy": 0.7184
    },
    "XGBoost": {
        "best_score": 0.6697007913153042,
        "best_params": {
            "learning_rate": 0.0027923018344754888,
            "max_depth": 100,
            "n_estimators": 128,
            "subsample": 0.1448290233931525
        },
        "recall": 0.7115384615384616,
        "accuracy": 0.7094
    },
    "XGBRF": {
        "best_score": 0.6358031398948758,
        "best_params": {
            "learning_rate": 0.4939976798853628,
            "max_depth": 17,
            "n_estimators": 100,
            "subsample": 0.5
        },
        "recall": 0.7876602564102564,
        "accuracy": 0.8218
    }
}