{
    "data_info": {
        "data_shape": [
            5000,
            4
        ],
        "columns/file": [
            100,
            101,
            103,
            105
        ],
        "target_distribution": {
            "0.0": 2504,
            "1.0": 2496
        }
    },
    "best_results": {
        "RandomForest": {
            "best_score": 0.6626266936294012,
            "best_params": {
                "max_depth": 24,
                "min_samples_split": 100,
                "n_estimators": 100
            },
            "recall": 0.7079326923076923,
            "accuracy": 0.7164
        },
        "XGBoost": {
            "best_score": 0.6669711462323035,
            "best_params": {
                "learning_rate": 0.005169944690299296,
                "max_depth": 40,
                "n_estimators": 100,
                "subsample": 0.1
            },
            "recall": 0.7087339743589743,
            "accuracy": 0.6916
        },
        "XGBRF": {
            "best_score": 0.6336744493465567,
            "best_params": {
                "learning_rate": 0.9149030789798307,
                "max_depth": 17,
                "n_estimators": 96,
                "subsample": 0.5027353548593332
            },
            "recall": 0.7576121794871795,
            "accuracy": 0.7986
        }
    }
}