{
    "data_info": {
        "data_shape": [
            5000,
            4
        ],
        "columns/file": [
            100,
            101,
            103,
            105
        ],
        "target_distribution": {
            "0.0": 2504,
            "1.0": 2496
        }
    },
    "best_results": {
        "RandomForest": {
            "best_score": 0.662744506550588,
            "best_params": {
                "max_depth": 45,
                "min_samples_split": 100,
                "n_estimators": 200
            },
            "recall": 0.7071314102564102,
            "accuracy": 0.716
        },
        "XGBoost": {
            "best_score": 0.672571602775021,
            "best_params": {
                "learning_rate": 0.002300653058769334,
                "max_depth": 94,
                "n_estimators": 200,
                "subsample": 0.1
            },
            "recall": 0.7055288461538461,
            "accuracy": 0.6938
        },
        "XGBRF": {
            "best_score": 0.6336744493465567,
            "best_params": {
                "learning_rate": 0.9149030789798307,
                "max_depth": 17,
                "n_estimators": 96,
                "subsample": 0.5027353548593332
            },
            "recall": 0.7576121794871795,
            "accuracy": 0.7986
        }
    }
}