{
    "columns": [
        103,
        105
    ],
    "params": {
        "learning_rate": 0.005169944690299296,
        "max_depth": 40,
        "n_estimators": 100,
        "subsample": 0.1
    },
    "n_splits": 10,
    "random_state": 145,
    "scoring": "recall",
    "cv_scores": [
        0.536,
        0.5555555555555556,
        0.4435483870967742,
        0.5346153846153846,
        0.5196850393700787,
        0.5284552845528455,
        0.5,
        0.549800796812749,
        0.49433962264150944,
        0.5743801652892562
    ],
    "mean_cv_score": 0.5236380235934153,
    "money": 6635.0
}