{
    "columns": [
        102,
        103,
        105
    ],
    "params": {
        "learning_rate": 0.007017207161446775,
        "max_depth": 50,
        "n_estimators": 100,
        "subsample": 0.1
    },
    "n_splits": 10,
    "random_state": 145,
    "scoring": "recall",
    "cv_scores": [
        0.608,
        0.6367521367521367,
        0.5887096774193549,
        0.6,
        0.6023622047244095,
        0.6097560975609756,
        0.5813008130081301,
        0.5816733067729084,
        0.5584905660377358,
        0.6198347107438017
    ],
    "mean_cv_score": 0.5986879513019453,
    "money": 6765.0
}