{
    "columns": [
        100,
        101,
        102,
        103
    ],
    "params": {
        "activation": "tanh",
        "alpha": 0.007082715436049561,
        "hidden_layer_sizes": 98,
        "learning_rate_init": 0.0221443719469483,
        "solver": "sgd"
    },
    "n_splits": 10,
    "random_state": 145,
    "scoring": "recall",
    "cv_scores": [
        0.656,
        0.6025641025641025,
        0.6290322580645161,
        0.6538461538461539,
        0.562992125984252,
        0.6626016260162602,
        0.6219512195121951,
        0.6613545816733067,
        0.6339622641509434,
        0.7355371900826446
    ],
    "mean_cv_score": 0.6419841521894374,
    "money": 6805.0
}