{
    "columns": [
        100,
        102,
        103,
        105
    ],
    "params": {
        "activation": "tanh",
        "alpha": 0.007082715436049561,
        "hidden_layer_sizes": 98,
        "learning_rate_init": 0.0221443719469483,
        "solver": "sgd"
    },
    "n_splits": 10,
    "random_state": 145,
    "scoring": "recall",
    "cv_scores": [
        0.64,
        0.6282051282051282,
        0.6370967741935484,
        0.6576923076923077,
        0.5826771653543307,
        0.6544715447154471,
        0.6544715447154471,
        0.7211155378486056,
        0.6792452830188679,
        0.6983471074380165
    ],
    "mean_cv_score": 0.65533223931817,
    "money": 6718.0
}