{
    "columns": [
        101,
        102,
        103,
        105
    ],
    "params": {
        "activation": "tanh",
        "alpha": 0.007082715436049561,
        "hidden_layer_sizes": 98,
        "learning_rate_init": 0.0221443719469483,
        "solver": "sgd"
    },
    "n_splits": 10,
    "random_state": 145,
    "scoring": "recall",
    "cv_scores": [
        0.64,
        0.7051282051282052,
        0.5645161290322581,
        0.6961538461538461,
        0.6181102362204725,
        0.6300813008130082,
        0.6422764227642277,
        0.6454183266932271,
        0.660377358490566,
        0.6776859504132231
    ],
    "mean_cv_score": 0.6479747775709034,
    "money": 6882.0
}