{
    "columns": [
        101,
        102,
        103
    ],
    "params": {
        "activation": "tanh",
        "alpha": 0.007082715436049561,
        "hidden_layer_sizes": 98,
        "learning_rate_init": 0.0221443719469483,
        "solver": "sgd"
    },
    "n_splits": 10,
    "random_state": 145,
    "scoring": "recall",
    "cv_scores": [
        0.596,
        0.6324786324786325,
        0.5564516129032258,
        0.6461538461538462,
        0.5669291338582677,
        0.556910569105691,
        0.6016260162601627,
        0.4860557768924303,
        0.5547169811320755,
        0.6652892561983471
    ],
    "mean_cv_score": 0.5862611824982679,
    "money": 6725.0
}