{
    "columns": [
        102,
        103,
        105
    ],
    "params": {
        "activation": "tanh",
        "alpha": 0.007082715436049561,
        "hidden_layer_sizes": 98,
        "learning_rate_init": 0.0221443719469483,
        "solver": "sgd"
    },
    "n_splits": 10,
    "random_state": 145,
    "scoring": "recall",
    "cv_scores": [
        0.68,
        0.6709401709401709,
        0.532258064516129,
        0.6076923076923076,
        0.6338582677165354,
        0.5853658536585366,
        0.5813008130081301,
        0.5338645418326693,
        0.5924528301886792,
        0.6983471074380165
    ],
    "mean_cv_score": 0.6116079956991175,
    "money": 6843.0
}