{
    "columns": [
        100,
        102,
        103,
        105
    ],
    "params": {
        "activation": "tanh",
        "alpha": 0.007082715436049561,
        "hidden_layer_sizes": 98,
        "learning_rate_init": 0.0221443719469483,
        "solver": "sgd"
    },
    "n_splits": 10,
    "random_state": 145,
    "scoring": "recall",
    "cv_scores": [
        0.6,
        0.6025641025641025,
        0.5967741935483871,
        0.5846153846153846,
        0.5708661417322834,
        0.5609756097560976,
        0.5528455284552846,
        0.6055776892430279,
        0.5773584905660377,
        0.6239669421487604
    ],
    "mean_cv_score": 0.5875544082629365,
    "money": 6878.0
}