{
    "columns": [
        100,
        101,
        102,
        103
    ],
    "params": {
        "activation": "tanh",
        "alpha": 0.007082715436049561,
        "hidden_layer_sizes": 98,
        "learning_rate_init": 0.0221443719469483,
        "solver": "sgd"
    },
    "n_splits": 10,
    "random_state": 145,
    "scoring": "recall",
    "cv_scores": [
        0.552,
        0.6025641025641025,
        0.6129032258064516,
        0.5961538461538461,
        0.5590551181102362,
        0.6178861788617886,
        0.556910569105691,
        0.5776892430278885,
        0.5773584905660377,
        0.6446280991735537
    ],
    "mean_cv_score": 0.5897148873369596,
    "money": 6867.0
}