{
    "columns": [
        8,
        100,
        102,
        103,
        105
    ],
    "params": {
        "activation": "tanh",
        "alpha": 0.007082715436049561,
        "hidden_layer_sizes": 98,
        "learning_rate_init": 0.0221443719469483,
        "solver": "sgd"
    },
    "n_splits": 10,
    "random_state": 145,
    "scoring": "recall",
    "cv_scores": [
        0.56,
        0.6196581196581197,
        0.6048387096774194,
        0.6038461538461538,
        0.547244094488189,
        0.6097560975609756,
        0.5650406504065041,
        0.6215139442231076,
        0.5773584905660377,
        0.640495867768595
    ],
    "mean_cv_score": 0.5949752128195103,
    "money": 6619.0
}