{
    "columns": [
        101,
        102,
        103,
        105
    ],
    "params": {
        "activation": "tanh",
        "alpha": 0.007082715436049561,
        "hidden_layer_sizes": 98,
        "learning_rate_init": 0.0221443719469483,
        "solver": "sgd"
    },
    "n_splits": 10,
    "random_state": 145,
    "scoring": "recall",
    "cv_scores": [
        0.564,
        0.6068376068376068,
        0.5403225806451613,
        0.6076923076923076,
        0.5866141732283464,
        0.5894308943089431,
        0.5853658536585366,
        0.545816733067729,
        0.5924528301886792,
        0.6115702479338843
    ],
    "mean_cv_score": 0.5830103227561195,
    "money": 7075.0
}