{
    "columns": [
        100,
        101,
        102,
        105
    ],
    "params": {
        "activation": "tanh",
        "alpha": 0.007082715436049561,
        "hidden_layer_sizes": 98,
        "learning_rate_init": 0.0221443719469483,
        "solver": "sgd"
    },
    "n_splits": 10,
    "random_state": 145,
    "scoring": "recall",
    "cv_scores": [
        0.572,
        0.6068376068376068,
        0.5766129032258065,
        0.6,
        0.5748031496062992,
        0.556910569105691,
        0.5975609756097561,
        0.6135458167330677,
        0.5735849056603773,
        0.6446280991735537
    ],
    "mean_cv_score": 0.5916484025952158,
    "money": 6900.0
}