{
    "columns": [
        101,
        102,
        105
    ],
    "params": {
        "activation": "tanh",
        "alpha": 0.007082715436049561,
        "hidden_layer_sizes": 98,
        "learning_rate_init": 0.0221443719469483,
        "solver": "sgd"
    },
    "n_splits": 10,
    "random_state": 145,
    "scoring": "recall",
    "cv_scores": [
        0.56,
        0.5512820512820513,
        0.4879032258064516,
        0.5423076923076923,
        0.5354330708661418,
        0.516260162601626,
        0.5609756097560976,
        0.5258964143426295,
        0.5245283018867924,
        0.5991735537190083
    ],
    "mean_cv_score": 0.5403760082568491,
    "money": 6951.0
}