{
    "columns": [
        101,
        102,
        103
    ],
    "params": {
        "activation": "tanh",
        "alpha": 0.007082715436049561,
        "hidden_layer_sizes": 98,
        "learning_rate_init": 0.0221443719469483,
        "solver": "sgd"
    },
    "n_splits": 10,
    "random_state": 145,
    "scoring": "recall",
    "cv_scores": [
        0.532,
        0.5641025641025641,
        0.5524193548387096,
        0.5923076923076923,
        0.531496062992126,
        0.5609756097560976,
        0.5528455284552846,
        0.47808764940239046,
        0.5358490566037736,
        0.5950413223140496
    ],
    "mean_cv_score": 0.5495124840772687,
    "money": 6983.0
}