{
    "columns": [
        101,
        102,
        103
    ],
    "params": {
        "n_estimators": 59,
        "max_depth": 20,
        "min_samples_split": 10
    },
    "n_splits": 10,
    "random_state": 145,
    "scoring": "recall",
    "cv_scores": [
        0.516,
        0.5641025641025641,
        0.5725806451612904,
        0.5538461538461539,
        0.5196850393700787,
        0.5934959349593496,
        0.5487804878048781,
        0.5219123505976095,
        0.5471698113207547,
        0.5950413223140496
    ],
    "mean_cv_score": 0.5532614309476729,
    "money": 6295.0
}