{
    "columns": [
        101,
        102,
        105
    ],
    "params": {
        "n_estimators": 59,
        "max_depth": 20,
        "min_samples_split": 10
    },
    "n_splits": 10,
    "random_state": 145,
    "scoring": "recall",
    "cv_scores": [
        0.512,
        0.5299145299145299,
        0.5443548387096774,
        0.6230769230769231,
        0.5551181102362205,
        0.5121951219512195,
        0.6016260162601627,
        0.5418326693227091,
        0.5622641509433962,
        0.5950413223140496
    ],
    "mean_cv_score": 0.5577423682728887,
    "money": 6340.0
}