{
    "columns": [
        8,
        103,
        105
    ],
    "params": {
        "n_estimators": 59,
        "max_depth": 20,
        "min_samples_split": 10
    },
    "n_splits": 10,
    "random_state": 145,
    "scoring": "recall",
    "cv_scores": [
        0.576,
        0.5427350427350427,
        0.5161290322580645,
        0.5423076923076923,
        0.5748031496062992,
        0.4878048780487805,
        0.5934959349593496,
        0.5737051792828686,
        0.5660377358490566,
        0.5743801652892562
    ],
    "mean_cv_score": 0.554739881033641,
    "money": 6015.0
}