{
    "columns": [
        100,
        101,
        103,
        105
    ],
    "params": {
        "n_estimators": 59,
        "max_depth": 20,
        "min_samples_split": 10
    },
    "n_splits": 10,
    "random_state": 145,
    "scoring": "recall",
    "cv_scores": [
        0.66,
        0.6495726495726496,
        0.5604838709677419,
        0.6192307692307693,
        0.5708661417322834,
        0.6747967479674797,
        0.6178861788617886,
        0.6533864541832669,
        0.6264150943396226,
        0.6570247933884298
    ],
    "mean_cv_score": 0.6289662700244032,
    "money": 6390.0
}