{
    "columns": [
        101,
        103,
        105
    ],
    "params": {
        "n_estimators": 59,
        "max_depth": 20,
        "min_samples_split": 10
    },
    "n_splits": 10,
    "random_state": 145,
    "scoring": "recall",
    "cv_scores": [
        0.592,
        0.5811965811965812,
        0.5,
        0.5923076923076923,
        0.5433070866141733,
        0.5894308943089431,
        0.6138211382113821,
        0.5657370517928287,
        0.5962264150943396,
        0.5867768595041323
    ],
    "mean_cv_score": 0.5760803719030073,
    "money": 6425.0
}