{
    "columns": [
        103,
        105
    ],
    "params": {
        "n_estimators": 59,
        "max_depth": 20,
        "min_samples_split": 10
    },
    "n_splits": 10,
    "random_state": 145,
    "scoring": "recall",
    "cv_scores": [
        0.54,
        0.5,
        0.4596774193548387,
        0.5269230769230769,
        0.4921259842519685,
        0.47560975609756095,
        0.5121951219512195,
        0.5179282868525896,
        0.5018867924528302,
        0.5041322314049587
    ],
    "mean_cv_score": 0.5030478669289044,
    "money": 6015.0
}