{
    "columns": [
        100,
        103,
        105
    ],
    "params": {
        "n_estimators": 59,
        "max_depth": 20,
        "min_samples_split": 10
    },
    "n_splits": 10,
    "random_state": 145,
    "scoring": "recall",
    "cv_scores": [
        0.596,
        0.5982905982905983,
        0.5403225806451613,
        0.5884615384615385,
        0.562992125984252,
        0.6097560975609756,
        0.5772357723577236,
        0.5936254980079682,
        0.5773584905660377,
        0.6033057851239669
    ],
    "mean_cv_score": 0.5847348486998222,
    "money": 6395.0
}