{
    "columns": [
        101,
        102,
        103
    ],
    "params": {
        "bootstrap": true,
        "max_depth": 30,
        "max_features": 0.999,
        "min_samples_leaf": 1,
        "min_samples_split": 10,
        "n_estimators": 1000
    },
    "n_splits": 10,
    "random_state": 145,
    "scoring": "recall",
    "cv_scores": [
        0.556,
        0.5982905982905983,
        0.5725806451612904,
        0.6076923076923076,
        0.5275590551181102,
        0.6097560975609756,
        0.5528455284552846,
        0.5418326693227091,
        0.5660377358490566,
        0.640495867768595
    ],
    "mean_cv_score": 0.5773090505218927,
    "money": 6390.0
}