{
    "columns": [
        102,
        103,
        105
    ],
    "params": {
        "n_estimators": 59,
        "max_depth": 20,
        "min_samples_split": 10
    },
    "n_splits": 10,
    "random_state": 145,
    "scoring": "recall",
    "cv_scores": [
        0.568,
        0.5982905982905983,
        0.5443548387096774,
        0.573076923076923,
        0.5826771653543307,
        0.532520325203252,
        0.5772357723577236,
        0.5338645418326693,
        0.539622641509434,
        0.5991735537190083
    ],
    "mean_cv_score": 0.5648816360053616,
    "money": 6495.0
}