{
    "columns": [
        100,
        103,
        105
    ],
    "params": {
        "learning_rate": 0.005169944690299296,
        "max_depth": 40,
        "n_estimators": 100,
        "subsample": 0.1
    },
    "n_splits": 10,
    "random_state": 145,
    "scoring": "recall",
    "cv_scores": [
        0.628,
        0.6666666666666666,
        0.592741935483871,
        0.6269230769230769,
        0.610236220472441,
        0.6666666666666666,
        0.6178861788617886,
        0.6613545816733067,
        0.6113207547169811,
        0.6446280991735537
    ],
    "mean_cv_score": 0.6326424180638354,
    "money": 6450.0
}