{
    "columns": [
        101,
        102,
        103
    ],
    "params": {
        "learning_rate": 0.007017207161446775,
        "max_depth": 50,
        "n_estimators": 100,
        "subsample": 0.1
    },
    "n_splits": 10,
    "random_state": 145,
    "scoring": "recall",
    "cv_scores": [
        0.568,
        0.5897435897435898,
        0.6088709677419355,
        0.6230769230769231,
        0.5787401574803149,
        0.6178861788617886,
        0.5772357723577236,
        0.5577689243027888,
        0.5773584905660377,
        0.6776859504132231
    ],
    "mean_cv_score": 0.5976366954544325,
    "money": 6440.0
}