{
    "columns": [
        102,
        103,
        105
    ],
    "params": {
        "learning_rate": 0.005169944690299296,
        "max_depth": 40,
        "n_estimators": 100,
        "subsample": 0.1
    },
    "n_splits": 10,
    "random_state": 145,
    "scoring": "recall",
    "cv_scores": [
        0.616,
        0.6367521367521367,
        0.5887096774193549,
        0.6,
        0.5984251968503937,
        0.5975609756097561,
        0.5772357723577236,
        0.5856573705179283,
        0.5584905660377358,
        0.6115702479338843
    ],
    "mean_cv_score": 0.5970401943478914,
    "money": 6730.0
}