{
    "columns": [
        8,
        103,
        105
    ],
    "params": {
        "learning_rate": 0.005169944690299296,
        "max_depth": 40,
        "n_estimators": 100,
        "subsample": 0.1
    },
    "n_splits": 10,
    "random_state": 145,
    "scoring": "recall",
    "cv_scores": [
        0.572,
        0.6196581196581197,
        0.5685483870967742,
        0.5923076923076923,
        0.5708661417322834,
        0.5853658536585366,
        0.5853658536585366,
        0.5816733067729084,
        0.569811320754717,
        0.6363636363636364
    ],
    "mean_cv_score": 0.5881960312003205,
    "money": 6265.0
}