{
    "columns": [
        101,
        102,
        105
    ],
    "params": {
        "learning_rate": 0.005169944690299296,
        "max_depth": 40,
        "n_estimators": 100,
        "subsample": 0.1
    },
    "n_splits": 10,
    "random_state": 145,
    "scoring": "recall",
    "cv_scores": [
        0.6,
        0.5598290598290598,
        0.5604838709677419,
        0.6115384615384616,
        0.5787401574803149,
        0.556910569105691,
        0.6300813008130082,
        0.6055776892430279,
        0.5773584905660377,
        0.6528925619834711
    ],
    "mean_cv_score": 0.5933412161526814,
    "money": 6455.0
}