{
    "columns": [
        8,
        103,
        105
    ],
    "params": {
        "learning_rate": 0.9149030789798307,
        "max_depth": 17,
        "n_estimators": 80,
        "subsample": 0.5
    },
    "n_splits": 10,
    "random_state": 145,
    "scoring": "recall",
    "cv_scores": [
        0.58,
        0.5683760683760684,
        0.5080645161290323,
        0.5615384615384615,
        0.5748031496062992,
        0.532520325203252,
        0.573170731707317,
        0.6135458167330677,
        0.5735849056603773,
        0.5413223140495868
    ],
    "mean_cv_score": 0.5626926289003461,
    "money": 6225.0
}