{
    "columns": [
        101,
        102,
        105
    ],
    "params": {
        "learning_rate": 0.9149030789798307,
        "max_depth": 17,
        "n_estimators": 80,
        "subsample": 0.5
    },
    "n_splits": 10,
    "random_state": 145,
    "scoring": "recall",
    "cv_scores": [
        0.528,
        0.5170940170940171,
        0.5564516129032258,
        0.5923076923076923,
        0.5393700787401575,
        0.556910569105691,
        0.5975609756097561,
        0.5537848605577689,
        0.569811320754717,
        0.5991735537190083
    ],
    "mean_cv_score": 0.5610464680792033,
    "money": 6490.0
}