{
    "columns": [
        100,
        103,
        105
    ],
    "params": {
        "learning_rate": 0.9149030789798307,
        "max_depth": 17,
        "n_estimators": 80,
        "subsample": 0.5
    },
    "n_splits": 10,
    "random_state": 145,
    "scoring": "recall",
    "cv_scores": [
        0.612,
        0.6239316239316239,
        0.5564516129032258,
        0.5846153846153846,
        0.5748031496062992,
        0.6219512195121951,
        0.5650406504065041,
        0.5697211155378487,
        0.5735849056603773,
        0.5950413223140496
    ],
    "mean_cv_score": 0.5877140984487508,
    "money": 6360.0
}