{
    "columns": [
        102,
        103,
        105
    ],
    "params": {
        "learning_rate": 0.9149030789798307,
        "max_depth": 17,
        "n_estimators": 80,
        "subsample": 0.5
    },
    "n_splits": 10,
    "random_state": 145,
    "scoring": "recall",
    "cv_scores": [
        0.58,
        0.5811965811965812,
        0.6008064516129032,
        0.573076923076923,
        0.5748031496062992,
        0.556910569105691,
        0.5609756097560976,
        0.5617529880478087,
        0.5433962264150943,
        0.5702479338842975
    ],
    "mean_cv_score": 0.5703166432701695,
    "money": 6615.0
}