{
    "columns": [
        101,
        102,
        103
    ],
    "params": {
        "learning_rate": 0.9149030789798307,
        "max_depth": 17,
        "n_estimators": 80,
        "subsample": 0.5
    },
    "n_splits": 10,
    "random_state": 145,
    "scoring": "recall",
    "cv_scores": [
        0.548,
        0.5470085470085471,
        0.5685483870967742,
        0.5923076923076923,
        0.5236220472440944,
        0.5853658536585366,
        0.5365853658536586,
        0.5139442231075697,
        0.539622641509434,
        0.5867768595041323
    ],
    "mean_cv_score": 0.554178161729044,
    "money": 6640.0
}