{
    "columns": [
        103,
        105
    ],
    "params": {
        "learning_rate": 0.9149030789798307,
        "max_depth": 17,
        "n_estimators": 80,
        "subsample": 0.5
    },
    "n_splits": 10,
    "random_state": 145,
    "scoring": "recall",
    "cv_scores": [
        0.56,
        0.5341880341880342,
        0.4959677419354839,
        0.573076923076923,
        0.49606299212598426,
        0.508130081300813,
        0.532520325203252,
        0.549800796812749,
        0.5132075471698113,
        0.512396694214876
    ],
    "mean_cv_score": 0.5275351136027926,
    "money": 6300.0
}