{
    "columns": [
        100,
        101,
        103,
        105
    ],
    "params": {
        "learning_rate": 0.9149030789798307,
        "max_depth": 17,
        "n_estimators": 80,
        "subsample": 0.5
    },
    "n_splits": 10,
    "random_state": 145,
    "scoring": "recall",
    "cv_scores": [
        0.632,
        0.6410256410256411,
        0.5806451612903226,
        0.6230769230769231,
        0.5984251968503937,
        0.6463414634146342,
        0.6097560975609756,
        0.6254980079681275,
        0.6490566037735849,
        0.6694214876033058
    ],
    "mean_cv_score": 0.6275246582563908,
    "money": 6475.0
}